amfi_code,beta,alpha_annualized,r_squared,p_value,std_err,fund_name,category
100039,0.07755845143199572,0.07535412353231803,0.2004287418258292,3.1696421006013476e-65,0.00429476166492797,Sundaram Debt - Short Duration Fund - Direct Growth,Debt - Short Duration
100015,1.166992024462536,0.07493321289824369,0.7530059196901637,0.0,0.018529910293848678,Quant Mid Cap Fund - Direct Growth,Mid Cap
100038,0.023115601883444106,0.0712994149864589,0.023359047020499527,2.951882252117064e-08,0.004143873250024409,PGIM Debt - Short Duration Fund - Direct Growth,Debt - Short Duration
100017,1.0673940825874542,0.06834914457485969,0.5263654219119042,2.2893235344722752e-213,0.028071406104423505,Invesco Small Cap Fund - Direct Growth,Small Cap
100014,1.100647812371042,0.058001004916522866,0.6969211278129993,0.0,0.020123139705658915,Motilal Oswal Mid Cap Fund - Direct Growth,Mid Cap
100040,0.057206444875456945,0.052280046109096055,0.11703956285100146,4.39391907042549e-37,0.004356227854408024,HDFC Debt - Short Duration Fund - Direct Growth,Debt - Short Duration
100002,1.033623735094857,0.049709832014074626,0.7451841386298124,0.0,0.016757346617703204,ICICI Pru Large Cap Fund - Direct Growth,Large Cap
100034,0.6167025818282875,0.04842301139742575,0.5135430874999438,8.156107368437705e-206,0.016640672135157443,Motilal Oswal Hybrid Aggressive Fund - Direct Growth,Hybrid Aggressive
100037,0.07824746349847081,0.04780192469500707,0.20484548227093935,8.539672452795116e-67,0.004274095188500371,Invesco Debt - Short Duration Fund - Direct Growth,Debt - Short Duration
100031,1.0008401337501025,0.04637341131511097,0.6449555194032731,7.919701944705171e-295,0.02058745035684901,DSP ELSS Fund - Direct Growth,ELSS
100024,0.8761615480060763,0.04531873400629014,0.5487021028339183,5.048461437536545e-227,0.02202971526033654,Kotak Flexi Cap Fund - Direct Growth,Flexi Cap
100027,0.8433427976069304,0.04041708564236714,0.5223567095284533,5.525542968715552e-211,0.022358040783935874,UTI Flexi Cap Fund - Direct Growth,Flexi Cap
100010,1.1568963581841016,0.037541018419072224,0.7624224925332224,0.0,0.017904434820709896,Franklin Mid Cap Fund - Direct Growth,Mid Cap
100005,0.9947153175421739,0.036590474551240884,0.7302070782599713,0.0,0.016763025815352262,Nippon India Large Cap Fund - Direct Growth,Large Cap
100011,1.0765259106048288,0.035850526454444705,0.6619116285700382,1.170347219893122e-308,0.02133049579986934,DSP Mid Cap Fund - Direct Growth,Mid Cap
100025,0.9641933487357771,0.029758180297663313,0.6569642178927098,1.493029432852796e-304,0.019316317572406535,Nippon India Flexi Cap Fund - Direct Growth,Flexi Cap
100029,1.047009669682374,0.02719689087228319,0.7051869396113521,0.0,0.018768660290309474,Parag Parikh ELSS Fund - Direct Growth,ELSS
100032,1.0047762902963078,0.017141135583844246,0.6769971616420749,0.0,0.019241568694610987,Tata ELSS Fund - Direct Growth,ELSS
100033,0.6472404006322761,0.014855058568103489,0.5383558239332021,1.290732543420519e-220,0.016616744510847412,Canara Robeco Hybrid Aggressive Fund - Direct Growth,Hybrid Aggressive
100012,1.1574207358466857,0.011779205071620207,0.7461511918183997,0.0,0.018716591266073838,Tata Mid Cap Fund - Direct Growth,Mid Cap
100004,0.9410020540834325,0.010964462721127818,0.659590119804685,1.005337770145558e-306,0.01874199987838872,Kotak Large Cap Fund - Direct Growth,Large Cap
100003,0.9270879834728267,0.01014762010602557,0.6666792738594889,0.0,0.018174186754315747,Axis Large Cap Fund - Direct Growth,Large Cap
100028,0.9374302369891483,0.009200576081032278,0.6264890460277328,1.695849446991573e-280,0.02006759094704135,Mirae Asset ELSS Fund - Direct Growth,ELSS
100019,1.1948179707180628,0.005605617981660128,0.6934947842389909,0.0,0.022022186325698655,Sundaram Small Cap Fund - Direct Growth,Small Cap
100007,0.9432012823765458,0.003878543888961249,0.6666293086414437,0.0,0.018492142876472675,UTI Large Cap Fund - Direct Growth,Large Cap
100018,1.2963226267371102,-0.002256130039361015,0.8216760202788461,0.0,0.01674283590608865,PGIM Small Cap Fund - Direct Growth,Small Cap
100022,1.0053312239497465,-0.006831582647274858,0.6431662621905219,2.086630429726823e-293,0.020760693176245706,ICICI Pru Flexi Cap Fund - Direct Growth,Flexi Cap
100030,1.0507396433600402,-0.007519634231273911,0.7447784515247107,0.0,0.01705303125393321,Franklin ELSS Fund - Direct Growth,ELSS
100008,0.9965523575842627,-0.010135995142903557,0.709229618661995,0.0,0.01769062284016801,Mirae Asset Large Cap Fund - Direct Growth,Large Cap
100009,1.2457945121793967,-0.022468679337226523,0.8732441983264378,0.0,0.013159028691653064,Parag Parikh Mid Cap Fund - Direct Growth,Mid Cap
100006,0.9719445888377317,-0.032806919430988554,0.6885606514899353,0.0,0.018122516282787,Aditya Birla SL Large Cap Fund - Direct Growth,Large Cap
100023,1.0108574132212658,-0.033025650519134316,0.6494733283963643,1.9024489993988686e-298,0.020588804330049507,Axis Flexi Cap Fund - Direct Growth,Flexi Cap
100036,0.6553856843769048,-0.03986819502675213,0.5862400391233611,1.4299469182875008e-251,0.015264929233637899,Edelweiss Hybrid Aggressive Fund - Direct Growth,Hybrid Aggressive
100016,1.2376469133045702,-0.04126414896642342,0.7535654284003808,0.0,0.01962223391653844,Edelweiss Small Cap Fund - Direct Growth,Small Cap
100021,1.1513460323939142,-0.04399727101706033,0.6539453660539645,4.4707287150324775e-302,0.023220353213674865,SBI Small Cap Fund - Direct Growth,Small Cap
100001,0.996233517579172,-0.04524910538521796,0.7034114008962347,0.0,0.017934737547332064,SBI Large Cap Fund - Direct Growth,Large Cap
100013,0.9906835676238788,-0.046259904387824013,0.6093407089078743,8.256119736991263e-268,0.02199202868206383,Canara Robeco Mid Cap Fund - Direct Growth,Mid Cap
100035,0.7362303993172765,-0.052029375009686074,0.642775734416792,4.2519924662583215e-293,0.015216537367028953,Quant Hybrid Aggressive Fund - Direct Growth,Hybrid Aggressive
100020,1.3494937861424892,-0.08623185825893778,0.8378513602262869,0.0,0.016459074319482677,HDFC Small Cap Fund - Direct Growth,Small Cap
100026,0.9213325147535819,-0.10970759117938145,0.5963059441262888,1.562481232706255e-258,0.021016933881609745,Aditya Birla SL Flexi Cap Fund - Direct Growth,Flexi Cap
