date,nifty50,nifty100
2021-09-01,17546.35112861772,17800.0
2021-09-02,17414.34577608698,17603.441967229475
2021-09-03,17359.562824713685,17539.387891797156
2021-09-06,17408.892903750057,17573.66430570402
2021-09-07,17307.039278751297,17453.974533549925
2021-09-08,17398.31536652973,17544.957329267367
2021-09-09,17285.732800504724,17441.820035491874
2021-09-10,17267.655081735687,17433.565764635332
2021-09-13,16397.672230864602,16524.65033599504
2021-09-14,16353.11252119193,16337.535902758635
2021-09-15,16351.855404475802,16371.763507210037
2021-09-16,16331.297238718544,16381.27667056677
2021-09-17,16444.93766611748,16492.334336362896
2021-09-20,16474.32735090068,16508.063744704043
2021-09-21,16388.493075625745,16376.239340270367
2021-09-22,16383.632883892744,16417.028706150235
2021-09-23,16335.692480559366,16316.387811133209
2021-09-24,16401.34621897485,16328.62294847475
2021-09-27,16358.296498419013,16290.83952729537
2021-09-28,16488.386511856523,16435.314083957255
2021-09-29,16454.972267669225,16433.029377511953
2021-09-30,16260.448021041624,16163.413475022848
2021-10-01,16211.184669085422,16034.513710184943
2021-10-04,16019.356220552687,15893.592379153704
2021-10-05,15974.517960549187,15850.993482331056
2021-10-06,16007.044233590685,15880.576936603888
2021-10-07,15814.636394544761,15753.865645583073
2021-10-08,15915.52282671079,15842.474418114303
2021-10-11,15805.623851216025,15729.921759945182
2021-10-12,15730.951364568366,15624.361506709689
2021-10-13,15784.047238521358,15657.733262046926
2021-10-14,15778.256998813838,15662.592223523247
2021-10-15,15483.257393097998,15374.183269000881
2021-10-18,15329.935085453275,15188.757075117264
2021-10-19,15449.33948757333,15300.442903923366
2021-10-20,15591.666690201942,15456.631443842916
2021-10-21,15482.989051907214,15340.796823669689
2021-10-22,15407.869550211395,15322.044961796246
2021-10-25,15520.602499557992,15378.299903298463
2021-10-26,15450.603504844103,15288.187657233904
2021-10-27,15511.5120801439,15353.073789377879
2021-10-28,15263.5935626472,15104.971900271546
2021-10-29,15066.43385075578,14881.428314491664
2021-11-01,14950.155075808107,14706.256697605157
2021-11-02,15031.889766783166,14806.198906327181
2021-11-03,15009.420102112328,14810.253332046346
2021-11-04,14900.99222781522,14703.917883878958
2021-11-05,14821.869180652711,14600.052356838485
2021-11-08,14823.42344721014,14621.996528655669
2021-11-09,14806.5172843018,14599.888743800091
2021-11-10,14706.024083267213,14524.835921042633
2021-11-11,14535.481549568742,14359.524128869049
2021-11-12,14847.959492250371,14692.802272555782
2021-11-15,14597.145637296191,14379.381472794925
2021-11-16,14568.768707598943,14292.74037378581
2021-11-17,14642.84285530756,14360.759330190927
2021-11-18,14680.684018492453,14411.778106964246
2021-11-19,14679.342161181345,14430.13503776488
2021-11-22,14711.892350887552,14508.950107587007
2021-11-23,14770.397668102703,14535.84800080052
2021-11-24,14796.467809743022,14506.859246503845
2021-11-25,14620.326284593608,14330.775761910823
2021-11-26,14452.805094911999,14160.301176047133
2021-11-29,14566.76135213151,14282.574431283478
2021-11-30,14583.475660824422,14279.72650140393
2021-12-01,14607.121063569915,14316.435267638195
2021-12-02,14737.331832174503,14387.8560842552
2021-12-03,14801.52866485591,14499.128270667548
2021-12-06,14718.949088567108,14443.26442786614
2021-12-07,14695.843733300659,14414.931845569401
2021-12-08,14667.793162990363,14392.19609309829
2021-12-09,14511.71560246141,14253.484497789615
2021-12-10,14480.04668100632,14252.824967029486
2021-12-13,14586.197614153469,14425.335066428996
2021-12-14,14497.889329400787,14284.074583288782
2021-12-15,14600.48646183229,14340.084681951303
2021-12-16,14644.80510599732,14360.475366685188
2021-12-17,14442.28293468375,14220.284826351592
2021-12-20,14319.025108715758,14169.200712180484
2021-12-21,14199.047039827043,14007.388246249908
2021-12-22,14251.8278751722,14079.55042791796
2021-12-23,14125.93936176179,13997.81982270162
2021-12-24,14096.079754925397,13899.607209968335
2021-12-27,14096.487870222769,13897.811535240768
2021-12-28,14195.173963729796,13975.163708677668
2021-12-29,14209.62163843033,14041.495169881264
2021-12-30,14134.664599488742,13941.985444910519
2021-12-31,14024.650661076197,13860.9994496419
2022-01-03,14034.577397184905,13830.21486343512
2022-01-04,13910.147010630651,13630.535368004541
2022-01-05,13791.761132976271,13506.73385377536
2022-01-06,13735.761871859011,13483.852597020863
2022-01-07,13579.670866876464,13317.488066760634
2022-01-10,13531.368863869246,13236.254639879591
2022-01-11,13451.176901542167,13041.059539994383
2022-01-12,13327.482428749365,12827.282377325584
2022-01-13,13264.106279413088,12782.922748580791
2022-01-14,13350.94618945806,12859.506535365399
2022-01-17,13288.58823310536,12815.1112439893
2022-01-18,13253.434198586086,12763.645896507218
2022-01-19,13369.75686741208,12894.229697349507
2022-01-20,13392.740792342782,12951.693935537774
2022-01-21,13399.13800739115,12957.589440516818
2022-01-24,13384.07253055379,12958.602938915203
2022-01-25,13290.414513411157,12886.334112223676
2022-01-26,13143.695101747971,12658.073672315963
2022-01-27,13302.715757405274,12959.372015952473
2022-01-28,13196.569990042975,12877.255277517006
2022-01-31,13043.969429305404,12705.691048821744
2022-02-01,13008.876331745902,12675.976052850005
2022-02-02,13016.523553689049,12615.58078758165
2022-02-03,13090.799070661265,12686.954504193805
2022-02-04,13603.043768745327,13189.135899119277
2022-02-07,13509.000776570287,13167.100612987506
2022-02-08,13464.630300707824,13087.946941961789
2022-02-09,13482.045538329949,13135.523698449706
2022-02-10,13585.476742500938,13286.282251011837
2022-02-11,13673.250942534634,13433.572108690676
2022-02-14,13650.881587715236,13380.550932244
2022-02-15,13732.765074963352,13456.64959908294
2022-02-16,13886.715825625868,13611.987192532475
2022-02-17,13896.399779883779,13608.044225890124
2022-02-18,13784.351245689551,13466.79368047831
2022-02-21,14278.144966806716,13871.72224959222
2022-02-22,14552.829551510738,14172.344035302114
2022-02-23,14604.517793420662,14227.907544351787
2022-02-24,14673.062178893173,14324.441839651232
2022-02-25,14679.915793409937,14320.379132522403
2022-02-28,14664.12430895306,14282.064443506784
2022-03-01,14762.417434432313,14392.454813672584
2022-03-02,14865.440492431631,14528.349814015104
2022-03-03,14824.151765710545,14507.458088162119
2022-03-04,14870.378830467042,14494.988120130056
2022-03-07,14674.92690374133,14354.029804627482
2022-03-08,15146.811241829464,14830.937616983152
2022-03-09,15256.475039948227,14937.065270102883
2022-03-10,14894.391901273335,14585.956259930459
2022-03-11,14739.202517671622,14452.667177094965
2022-03-14,14842.522825773474,14560.673924411069
2022-03-15,14954.143823864692,14663.447051197312
2022-03-16,14968.746073340351,14688.183650548206
2022-03-17,15018.561219758347,14710.253888610523
2022-03-18,14957.862635465284,14653.476379852767
2022-03-21,15180.523332737317,15013.031834440462
2022-03-22,15210.980841494244,15035.320188701791
2022-03-23,15289.451685906337,15102.867956178825
2022-03-24,15125.416923710776,14914.33196674584
2022-03-25,15221.776977539514,15129.04753728431
2022-03-28,15280.571554314147,15065.75764206175
2022-03-29,15348.657470641683,15072.860657534633
2022-03-30,15321.464964419876,15043.28466434488
2022-03-31,15224.99697244454,14920.829945760986
2022-04-01,15455.260110714747,15080.294156030397
2022-04-04,15678.625142322748,15291.439662772998
2022-04-05,15791.732822120317,15415.79755720113
2022-04-06,15802.434028179825,15402.141475508608
2022-04-07,15826.034969997405,15401.401945654161
2022-04-08,15831.2967632207,15411.616369570378
2022-04-11,15914.733126590185,15502.771849107157
2022-04-12,16019.700156985109,15603.617688451915
2022-04-13,16076.234290889422,15678.172351450316
2022-04-14,16427.75250030119,16035.34947067833
2022-04-15,16612.527241561387,16181.692239927987
2022-04-18,16469.318833882688,16020.450198206452
2022-04-19,16511.45835351614,16020.495145912253
2022-04-20,16722.0592615479,16290.21425882185
2022-04-21,16736.690013413245,16315.084872785283
2022-04-22,16457.808744178452,16031.08344341652
2022-04-25,16673.454934577414,16266.259105407067
2022-04-26,16754.40305089543,16369.060726281004
2022-04-27,16710.951129934914,16293.675453235772
2022-04-28,16599.541507067664,16152.374875003828
2022-04-29,16634.314510762142,16220.177141014028
2022-05-02,16748.632528229788,16276.730163873737
2022-05-03,16868.459287437803,16354.571114824032
2022-05-04,16881.53860480225,16321.03855674911
2022-05-05,16430.05602820148,15893.659714354044
2022-05-06,16374.272760105378,15894.81189813771
2022-05-09,16243.867021182452,15823.883825258083
2022-05-10,16368.135768917244,15970.499937528191
2022-05-11,16565.265380743826,16140.356946848584
2022-05-12,16564.817275730315,16085.22837088525
2022-05-13,16432.26011570755,15908.245316151226
2022-05-16,16255.485104964351,15746.729305344043
2022-05-17,16116.30559974445,15560.874256048592
2022-05-18,16220.606822967713,15684.152421453837
2022-05-19,16269.702260612163,15708.445816258301
2022-05-20,16381.069502646977,15791.548550420832
2022-05-23,16411.44527113979,15809.854722769747
2022-05-24,16643.764616547967,16049.717930267334
2022-05-25,16683.30919324352,16089.7153344164
2022-05-26,16808.950440545075,16194.879145378689
2022-05-27,16410.710808740623,15793.258883518063
2022-05-30,16451.755916204653,15814.76084631556
2022-05-31,16600.61032401447,15978.558032526718
2022-06-01,16771.10494645561,16108.794965350924
2022-06-02,16639.241942194953,15969.227430051998
2022-06-03,16592.908434244255,15857.967596568189
2022-06-06,16365.011916339578,15585.870244477821
2022-06-07,16520.966254533196,15675.381967673542
2022-06-08,16437.02751815557,15590.452909668431
2022-06-09,16491.43803203663,15594.663150517905
2022-06-10,16495.90603657927,15554.435733787286
2022-06-13,16466.107671244816,15547.037456992555
2022-06-14,16476.610921171512,15573.174116186818
2022-06-15,16613.76827079813,15701.831878156832
2022-06-16,16705.828113945685,15805.788519977
2022-06-17,16831.404876197383,16047.189247613205
2022-06-20,16740.332235867383,15999.586212392078
2022-06-21,16968.184766587052,16193.772596542336
2022-06-22,16948.37513695449,16133.176981300097
2022-06-23,16910.062406357054,16054.490112345778
2022-06-24,16843.976861518076,15958.90639850709
2022-06-27,16868.5028695849,16004.461671851595
2022-06-28,16879.46445748286,15992.816775139656
2022-06-29,16461.44351868489,15598.969655187928
2022-06-30,16415.553051883748,15567.767322584774
2022-07-01,16302.410298760577,15444.244560639781
2022-07-04,16244.55398150788,15396.160965089904
2022-07-05,16206.29998088184,15330.928672230171
2022-07-06,16129.482601291284,15312.630957561267
2022-07-07,15881.764665824392,15125.258201093313
2022-07-08,16115.289926676041,15432.208420822926
2022-07-11,16112.10080364832,15496.446338930948
2022-07-12,16213.20319430288,15617.786091625705
2022-07-13,16379.88777785583,15800.397292833664
2022-07-14,16282.286356811777,15698.028984661974
2022-07-15,16471.067231996814,15865.665757453025
2022-07-18,16348.38299147941,15764.93538514222
2022-07-19,15804.71953349302,15248.439409057055
2022-07-20,15856.451246826904,15241.3784896283
2022-07-21,15959.260249736742,15335.92381260865
2022-07-22,15698.556402629067,15119.42245394538
2022-07-25,15608.7439525776,15035.618889672864
2022-07-26,15513.9288635758,14965.822402569054
2022-07-27,15912.874618054355,15334.839866383725
2022-07-28,16104.704188550859,15530.690880288628
2022-07-29,16139.595266119395,15573.883087656124
2022-08-01,16147.606989971644,15559.109257007118
2022-08-02,16416.14184015163,15828.87443545709
2022-08-03,16275.76234942942,15612.53429686033
2022-08-04,16187.441529263373,15499.080877354523
2022-08-05,16278.107366269713,15575.423853479453
2022-08-08,16282.803817155724,15509.591280491119
2022-08-09,16158.87506428579,15376.915064481725
2022-08-10,16046.05734281056,15201.084130829253
2022-08-11,16024.314909157689,15113.263047274042
2022-08-12,15926.771598359088,15059.067925747673
2022-08-15,16080.859734413743,15173.055930192771
2022-08-16,16009.200468755786,15164.487447951838
2022-08-17,16157.299239029653,15352.184927790186
2022-08-18,16117.78834652542,15308.008731404885
2022-08-19,16142.03604428525,15359.30008576616
2022-08-22,16095.681014697415,15128.775472362859
2022-08-23,16016.78187692213,15055.506567913471
2022-08-24,16342.596869792542,15359.63969697532
2022-08-25,16441.807067658232,15447.31965777112
2022-08-26,16245.340229733829,15237.697057475136
2022-08-29,16115.135875198537,15139.867185583633
2022-08-30,15813.482259516542,14739.675720578722
2022-08-31,15790.365870840706,14772.831165222888
2022-09-01,15571.953519131377,14561.661657493236
2022-09-02,15571.622802971457,14522.73673466708
2022-09-05,15545.92707688448,14515.165075631441
2022-09-06,15843.283968684298,14771.949166336517
2022-09-07,15694.53337765141,14644.092236189972
2022-09-08,15609.967853401507,14571.899394310243
2022-09-09,15446.121499698667,14510.37824165093
2022-09-12,15471.99268113479,14517.72300288373
2022-09-13,15841.21783171684,14895.721251782232
2022-09-14,15791.999235991536,14863.239047793893
2022-09-15,15762.747758067562,14843.754379112714
2022-09-16,15678.545794257241,14776.337551852204
2022-09-19,15782.525557858775,14893.11663349686
2022-09-20,15933.567403212519,15013.678197974672
2022-09-21,16038.661086539223,15104.76222017266
2022-09-22,16082.693351195961,15119.270593398189
2022-09-23,16230.693177150632,15308.210624836232
2022-09-26,16283.065616795147,15316.135183130285
2022-09-27,16308.98399312786,15352.617331460146
2022-09-28,16305.06476213019,15343.059110059834
2022-09-29,16434.716515674823,15407.582620696974
2022-09-30,16444.3154859968,15479.174023054235
2022-10-03,16521.154098591633,15586.629121791564
2022-10-04,16478.742892105496,15517.271417674905
2022-10-05,16591.573061800977,15640.326944790491
2022-10-06,17111.157652704584,16167.886500765126
2022-10-07,17182.075844938743,16270.470253320313
2022-10-10,17128.22120500828,16185.742893352271
2022-10-11,17276.574378434918,16291.463272638422
2022-10-12,17075.490518966308,16107.795698212956
2022-10-13,17087.724580590868,16183.580507663877
2022-10-14,17133.381704968135,16294.506118294812
2022-10-17,17113.986819206537,16249.164536673254
2022-10-18,17104.11144707579,16171.02734013673
2022-10-19,17267.001151470653,16343.542913338242
2022-10-20,17335.432550250785,16413.041222331165
2022-10-21,17304.140264035475,16396.8933301621
2022-10-24,17331.443245505012,16313.19839137234
2022-10-25,17103.375315510366,16109.523769718968
2022-10-26,17017.323858936536,16082.685868299866
2022-10-27,16763.202888579046,15838.148973522688
2022-10-28,16763.46118960096,15938.955298826499
2022-10-31,17044.53730827347,16283.763657593547
2022-11-01,17037.53252558143,16262.454040819463
2022-11-02,17042.166506670386,16299.748540939854
2022-11-03,17072.636823550332,16316.667614230995
2022-11-04,16870.990902444613,16086.85445781658
2022-11-07,16865.84616058336,16100.937918653231
2022-11-08,16765.69013252648,16017.14551241295
2022-11-09,16693.17910004946,15804.70233263872
2022-11-10,16503.22037393666,15635.156727986
2022-11-11,16728.270467979037,15767.18261241662
2022-11-14,16726.58289599212,15778.884318981074
2022-11-15,16826.187205445527,15963.69563787857
2022-11-16,16930.418958674232,16073.199916749874
2022-11-17,16551.091214668868,15661.283748766156
2022-11-18,16505.5104334474,15699.883909933924
2022-11-21,16515.53455616485,15759.388439202434
2022-11-22,16669.295086198228,15863.986074389766
2022-11-23,16774.43719880448,15897.9315020908
2022-11-24,16621.693831419365,15811.025433731025
2022-11-25,16590.131971485564,15795.100667071098
2022-11-28,16740.19108337599,15993.13812408327
2022-11-29,16836.6120261671,16072.04485205178
2022-11-30,16903.09962816977,16079.958199084269
2022-12-01,17021.791248275218,16216.808288349
2022-12-02,17173.633513524277,16404.958071810135
2022-12-05,17105.050174158503,16342.038935808343
2022-12-06,17204.13305850009,16385.4508754696
2022-12-07,17155.780630042478,16260.106800912965
2022-12-08,17151.723411303872,16139.015804319915
2022-12-09,17180.79620336025,16181.957396177802
2022-12-12,17255.760312181705,16266.96485039042
2022-12-13,17230.948292645546,16230.304337538018
2022-12-14,17418.5128083875,16413.116924374735
2022-12-15,17039.740439881127,15978.65877425901
2022-12-16,17006.427065867778,15898.09489442762
2022-12-19,17377.14458358769,16298.821952385246
2022-12-20,17453.618225383158,16406.180232523013
2022-12-21,17469.623149605235,16352.945048825852
2022-12-22,17640.412930279184,16531.49938324884
2022-12-23,17960.294955181427,16885.26806245869
2022-12-26,18038.736560823094,16893.92267447574
2022-12-27,17962.792494427547,16847.484077439945
2022-12-28,17604.424890361806,16586.468896937655
2022-12-29,17647.46374337554,16659.40032583784
2022-12-30,17525.697970138437,16590.860026859413
2023-01-02,17276.48592333719,16349.781465491877
2023-01-03,17302.499345150507,16380.50876260286
2023-01-04,17252.211458774498,16213.6986807302
2023-01-05,17391.74442202857,16347.453027645148
2023-01-06,17192.031429667444,16144.58737218631
2023-01-09,17422.798485548607,16374.577140733954
2023-01-10,17329.098560595212,16327.986873014883
2023-01-11,17337.58668927695,16301.607223750003
2023-01-12,17363.117690338644,16317.290974628511
2023-01-13,17326.204837980233,16216.514562795433
2023-01-16,17112.82681443942,16041.741075418493
2023-01-17,17027.016740538555,15974.568094485872
2023-01-18,16984.51426921158,15917.636267103957
2023-01-19,16954.661181686744,15814.195183538315
2023-01-20,16843.114398695016,15722.659115674054
2023-01-23,16595.17955259216,15435.789009695876
2023-01-24,16559.899722550756,15429.548848639062
2023-01-25,16519.390637834233,15417.09513514899
2023-01-26,16508.20537021648,15371.400488012554
2023-01-27,16754.504540887236,15608.442190673959
2023-01-30,16790.4044583622,15630.31426182014
2023-01-31,16760.816404356414,15620.938576713295
2023-02-01,16675.637369395696,15549.964907395315
2023-02-02,16841.209676270813,15697.74270896341
2023-02-03,16928.409246681054,15724.069748153364
2023-02-06,16863.944592677395,15693.248584599467
2023-02-07,16948.920077908057,15780.83019663909
2023-02-08,16818.291487906525,15589.137143349893
2023-02-09,16836.026481494657,15609.730973295194
2023-02-10,17043.212319501654,15784.684811734185
2023-02-13,17114.70304246307,15935.858159610658
2023-02-14,17205.80173449512,16075.435596550275
2023-02-15,17170.50186603221,16050.605783016119
2023-02-16,17497.156147146994,16323.381151928255
2023-02-17,17614.153020993857,16365.091109187739
2023-02-20,18289.34810815189,17000.69961211611
2023-02-21,18130.614799336356,16933.722484372178
2023-02-22,18035.482512349685,16832.319700669595
2023-02-23,18122.749790724665,16945.96702330635
2023-02-24,18083.50229403967,16861.95288770639
2023-02-27,18006.59660637949,16835.961365370073
2023-02-28,17778.688670468913,16503.13812783598
2023-03-01,18008.742616909538,16717.827898909974
2023-03-02,18239.100569671657,16896.44894315926
2023-03-03,19075.513191932427,17702.260022466755
2023-03-06,18643.99298343534,17285.12223188221
2023-03-07,18938.138132026994,17552.735122894883
2023-03-08,18852.490103489563,17512.356985866314
2023-03-09,18841.798773583534,17597.73909039652
2023-03-10,19025.56061707572,17835.496791345693
2023-03-13,18949.949684035375,17790.482491910658
2023-03-14,18860.894760797735,17717.026801224045
2023-03-15,18721.787068008925,17586.694264010617
2023-03-16,18668.618572211173,17582.870073032478
2023-03-17,18554.819452566222,17499.614054833113
2023-03-20,18578.120808120224,17530.79357520378
2023-03-21,18644.53546450177,17521.565354082173
2023-03-22,18709.52451140153,17575.942408510018
2023-03-23,18762.791445752973,17670.008549537262
2023-03-24,18670.783816603333,17630.255965565953
2023-03-27,18710.913319245712,17669.87977528992
2023-03-28,18560.80665566941,17415.332995068005
2023-03-29,18372.06140217998,17247.15558453072
2023-03-30,18284.424610218262,17202.091448695035
2023-03-31,18152.142547952666,17097.691859948063
2023-04-03,18136.57897069256,17078.65297044348
2023-04-04,18123.393554939277,17053.75044716065
2023-04-05,17969.42427293064,16887.367253006956
2023-04-06,18032.927368357563,16997.423457676712
2023-04-07,18064.178859289506,16944.85546890554
2023-04-10,18317.40016290134,17158.90290105325
2023-04-11,18506.20130486932,17360.341408099954
2023-04-12,18406.23731906874,17218.747320226368
2023-04-13,18573.15009682097,17322.890863757086
2023-04-14,18588.103288213544,17376.408408939304
2023-04-17,18582.92678455158,17423.2932980315
2023-04-18,18712.18516953382,17572.287115725234
2023-04-19,18446.354708742587,17344.189437364137
2023-04-20,17760.255121731483,16612.579335080256
2023-04-21,17855.936314132847,16710.762496619376
2023-04-24,17902.841112554368,16772.079043263686
2023-04-25,18002.452645362726,16933.830932064462
2023-04-26,18087.247824378144,16960.92718306361
2023-04-27,18211.796549661984,17182.2791069988
2023-04-28,18299.009216459785,17254.389674979666
2023-05-01,18279.4029957572,17224.318398307412
2023-05-02,18283.957859355884,17133.735510918304
2023-05-03,18439.021080612405,17316.732355939344
2023-05-04,18330.129725204755,17194.20059043544
2023-05-05,18322.831849248134,17095.101922088295
2023-05-08,18388.516979708384,17197.020682066573
2023-05-09,18008.92788465002,16838.384566813143
2023-05-10,18098.63877882494,16952.021384949177
2023-05-11,18286.185906222163,17095.816696408798
2023-05-12,17814.141049490852,16723.05309898321
2023-05-15,17302.95038958327,16164.789755103297
2023-05-16,17480.010496935993,16364.6263342764
2023-05-17,17529.00694807375,16431.012798318457
2023-05-18,17521.86296668198,16410.564174084062
2023-05-19,17697.880175993516,16672.41257188954
2023-05-22,17449.10444140606,16432.5420626865
2023-05-23,17664.622287231385,16650.42920080086
2023-05-24,17756.765284424957,16674.424367614483
2023-05-25,17775.663053487402,16734.00647030545
2023-05-26,17918.334920327732,16967.173524275902
2023-05-29,18003.96556020554,17037.940554749686
2023-05-30,17933.41856419935,16933.19637894341
2023-05-31,17636.929036996804,16679.164081752828
2023-06-01,17730.608022685443,16772.47050843482
2023-06-02,17480.27204081426,16599.683216573434
2023-06-05,17675.230341954506,16744.03951034634
2023-06-06,17615.10061451317,16649.766341807022
2023-06-07,17757.19869907146,16736.804097048534
2023-06-08,18027.10032909954,17027.362872590107
2023-06-09,17774.999381313854,16813.408420907483
2023-06-12,17504.4032257056,16584.418226558962
2023-06-13,17867.332551476426,17053.66038156798
2023-06-14,17881.56150351007,17001.502694239727
2023-06-15,18156.0267354045,17250.47847718137
2023-06-16,18131.7464713707,17243.712166054393
2023-06-19,18005.874212911407,17194.627249915793
2023-06-20,18029.48976911912,17220.827009076507
2023-06-21,18081.575019235057,17241.902530458217
2023-06-22,17923.988634601457,17101.70670737526
2023-06-23,17926.878860076933,17098.306521083974
2023-06-26,18164.487083111642,17289.55005520023
2023-06-27,17902.94964979644,16998.119555735117
2023-06-28,17769.19572230733,16866.14674056129
2023-06-29,17811.080556980447,16924.235243158615
2023-06-30,17765.874788473113,16829.381616663137
2023-07-03,17785.957250210187,16823.389017106303
2023-07-04,17676.60879627836,16620.78546755108
2023-07-05,17744.196206294917,16674.310013426977
2023-07-06,17523.745743440137,16533.109224390086
2023-07-07,17162.268722392142,16130.910726424692
2023-07-10,17266.32778768612,16296.766760460472
2023-07-11,17487.84725039764,16519.76469239971
2023-07-12,17570.709619614547,16647.733224702126
2023-07-13,17363.913942883384,16446.52063796128
2023-07-14,17378.012209712244,16466.627855702274
2023-07-17,17169.946593661756,16271.109578482403
2023-07-18,17090.65684638046,16127.772924522318
2023-07-19,16934.801356007752,15964.715436630882
2023-07-20,17113.456512140227,16150.383574829311
2023-07-21,17125.403667705115,16148.352251004062
2023-07-24,17230.500469205424,16228.433227927124
2023-07-25,16988.101572890188,16020.178023592362
2023-07-26,16680.021851854504,15638.169019135392
2023-07-27,16592.124412286044,15556.286246223332
2023-07-28,16663.511198868284,15621.613232559726
2023-07-31,16810.400129678732,15752.762212355894
2023-08-01,16635.588695011476,15608.48326631618
2023-08-02,16869.089949553814,15827.0495050341
2023-08-03,16857.382995259613,15828.452384694161
2023-08-04,17162.29656468147,16198.117632774783
2023-08-07,17328.09757676227,16323.411555527156
2023-08-08,17563.096835270684,16541.097596536398
2023-08-09,17516.071675625197,16523.033058777663
2023-08-10,17459.03383244071,16523.54655573709
2023-08-11,17155.894768168455,16311.760790026228
2023-08-14,16954.95192254796,16070.347614570479
2023-08-15,17163.412411162568,16201.563714349342
2023-08-16,17114.979867056238,16154.33293091951
2023-08-17,17130.672937647105,16165.670771863797
2023-08-18,17385.514614938893,16407.371572609172
2023-08-21,17350.77470028127,16462.5945463494
2023-08-22,17343.52353619819,16452.74925705647
2023-08-23,17420.871622565275,16539.399377257145
2023-08-24,17299.578221860786,16529.982173415712
2023-08-25,17253.335850062882,16553.3710472519
2023-08-28,17129.20383874953,16442.848296125976
2023-08-29,17496.583623563238,16818.043449420173
2023-08-30,17452.231560690227,16770.679347807294
2023-08-31,17510.092827935943,16823.0277942348
2023-09-01,17733.85070501218,17035.872552614648
2023-09-04,18003.770070078095,17263.326574611092
2023-09-05,17797.688176941643,17048.180710172408
2023-09-06,17795.186411373823,16922.32074509799
2023-09-07,17900.849310648024,17025.536816191456
2023-09-08,18181.62241987279,17283.636208241373
2023-09-11,18124.706173325678,17186.99382456096
2023-09-12,18033.233399661418,17094.94574909633
2023-09-13,17935.347010642818,17002.653476355128
2023-09-14,17902.748281204473,16932.814691941076
2023-09-15,17857.616448393703,16923.003756267826
2023-09-18,17512.99254192193,16702.324783937336
2023-09-19,17620.60418775807,16820.849838454345
2023-09-20,17695.492663467292,16873.831587395725
2023-09-21,17802.55757979009,17006.045579349877
2023-09-22,18193.61130661067,17364.675962239507
2023-09-25,18200.87893278926,17368.962362893846
2023-09-26,18345.39620937351,17531.315233491663
2023-09-27,18293.526014656218,17405.434160693938
2023-09-28,18202.48255041885,17327.221245506702
2023-09-29,18277.1047559219,17403.18890384729
2023-10-02,18518.877369988346,17689.897302499103
2023-10-03,18413.200453422283,17635.3066234555
2023-10-04,18402.637815306643,17511.002377005276
2023-10-05,18276.269692412454,17421.181021356962
2023-10-06,18387.713770205955,17494.643226270327
2023-10-09,18699.310324976872,17780.14693058867
2023-10-10,18333.582164377163,17495.36518085413
2023-10-11,18317.04145946879,17375.96176880046
2023-10-12,18406.00992484381,17403.591721809513
2023-10-13,18419.522561404203,17374.090864617774
2023-10-16,18486.161209810125,17455.296373820955
2023-10-17,18266.611719166365,17278.8320054004
2023-10-18,18224.112448867938,17173.470182192308
2023-10-19,18289.519721844725,17239.780908714154
2023-10-20,18160.93421303167,17066.726540179057
2023-10-23,18235.583354616854,17152.414875645754
2023-10-24,18618.644155871516,17470.388600077717
2023-10-25,18700.948792697534,17555.563160550882
2023-10-26,18624.567467585115,17522.79748568137
2023-10-27,18752.57780146844,17609.05782519235
2023-10-30,18336.84507706259,17114.261809496882
2023-10-31,18455.52837462513,17251.151518979157
2023-11-01,18194.191050151356,17033.03028927531
2023-11-02,18642.350307482575,17439.203777679333
2023-11-03,18795.8463412016,17587.526191470974
2023-11-06,18567.881339803258,17304.914985864718
2023-11-07,18604.933258999135,17347.416529548686
2023-11-08,18606.682047751823,17347.657102812376
2023-11-09,18777.74013130971,17516.714882789536
2023-11-10,18747.565628548105,17530.813280850613
2023-11-13,18752.40853205049,17274.858514759886
2023-11-14,18529.120324531534,17129.68524127597
2023-11-15,18517.768341493575,17104.67824266917
2023-11-16,18409.233416932308,17044.35360273382
2023-11-17,18259.170769501,16908.188405190875
2023-11-20,18412.799415183228,17064.056936232777
2023-11-21,18804.943096273295,17436.55974137698
2023-11-22,18689.39153988787,17249.964874943653
2023-11-23,18689.429522032573,17287.882467822805
2023-11-24,18742.46432855393,17318.357426121525
2023-11-27,18652.94406487766,17244.89225400343
2023-11-28,18628.020973345487,17200.340976555577
2023-11-29,18623.95563641267,17174.68505780165
2023-11-30,18337.75874838299,16883.86279464988
2023-12-01,18241.544372159275,16740.37743369593
2023-12-04,18553.5528535403,17047.391842675817
2023-12-05,18799.536682991642,17284.712130681917
2023-12-06,19035.320018120558,17610.52736110531
2023-12-07,19138.36164591605,17709.728409559808
2023-12-08,19378.80290975936,17761.48692230673
2023-12-11,19365.807109840553,17727.80776266169
2023-12-12,19353.942427440972,17718.504110224407
2023-12-13,19111.91654905176,17486.23355841742
2023-12-14,18987.661422487,17456.629846759504
2023-12-15,19092.015718570427,17485.294281478724
2023-12-18,19104.972020161593,17444.544141136063
2023-12-19,19061.692621415186,17406.621044930675
2023-12-20,18941.43039621554,17284.704008309713
2023-12-21,18885.75929481886,17295.831787639083
2023-12-22,19332.88676825001,17804.655540018022
2023-12-25,19413.02841509214,17903.929911701496
2023-12-26,19616.258372528886,18081.520985177503
2023-12-27,19716.02652355131,18144.27178964546
2023-12-28,19558.774006552467,17970.081174432118
2023-12-29,19534.82359656414,17880.213204814285
2024-01-01,19329.01266002729,17672.81127601469
2024-01-02,19331.36733514273,17671.557682642455
2024-01-03,19323.228771906633,17637.963049149253
2024-01-04,19296.681913697244,17624.711411984506
2024-01-05,19035.729369277615,17369.23572049932
2024-01-08,19090.69350812742,17458.032483896735
2024-01-09,19177.231442833425,17542.065256386268
2024-01-10,19122.129170039272,17435.509680459432
2024-01-11,19027.270631596963,17292.647873933467
2024-01-12,19206.27648999236,17496.20315542595
2024-01-15,19089.448426395586,17357.27350014212
2024-01-16,19206.57495692334,17421.303380657784
2024-01-17,19088.63317971993,17304.037845478415
2024-01-18,19117.120262678614,17303.97773842245
2024-01-19,19306.538768069866,17496.354977806077
2024-01-22,19200.55408232603,17347.668584261133
2024-01-23,19291.866316098734,17432.560091986987
2024-01-24,19409.744931887406,17566.09618968227
2024-01-25,19455.56315436336,17666.088666665633
2024-01-26,19593.331174627205,17828.18834602566
2024-01-29,19571.81864068209,17825.700006857944
2024-01-30,19468.72233943575,17673.524304756746
2024-01-31,19345.80985466059,17287.294685661636
2024-02-01,19204.858332164848,17166.277379724652
2024-02-02,19301.502748619543,17258.465576069462
2024-02-05,19215.021321803168,17188.96859987775
2024-02-06,19238.796173436902,17238.949762729844
2024-02-07,19174.748293493867,17244.14430991175
2024-02-08,19489.22353922528,17542.73159134027
2024-02-09,19661.79872318875,17729.688670190582
2024-02-12,19625.04961735544,17644.68212251203
2024-02-13,19885.374048177047,17914.963364044546
2024-02-14,19903.275116890138,17947.427171937576
2024-02-15,19958.783541527668,17968.453373341956
2024-02-16,20348.42803201777,18331.687873235314
2024-02-19,20520.27645122126,18452.25039601726
2024-02-20,20296.76046277692,18180.047118285762
2024-02-21,20310.764622648258,18097.25748609647
2024-02-22,20229.256362562544,18057.511648217373
2024-02-23,20226.041830792266,18038.035848484324
2024-02-26,20292.271611229768,18075.990797833296
2024-02-27,20298.779227596468,18001.33091298626
2024-02-28,20335.49819442927,17959.776510077656
2024-02-29,20359.923204001087,18007.5193169977
2024-03-01,20275.601267344595,17882.888309730395
2024-03-04,20244.676656875126,17888.43150642432
2024-03-05,20094.023250828785,17683.504479870706
2024-03-06,20328.899934993442,17832.985067721314
2024-03-07,20369.668317644675,17885.52045128263
2024-03-08,20549.72442403073,18120.098511384866
2024-03-11,20541.03649641614,18182.82637017526
2024-03-12,20697.413378394973,18356.898707605993
2024-03-13,20609.48287275625,18313.834392282784
2024-03-14,20551.11436307421,18333.65081820041
2024-03-15,20724.465798419573,18506.76607750908
2024-03-18,20683.750731020027,18643.690070694494
2024-03-19,20751.688022008297,18756.439398869265
2024-03-20,20738.51336430605,18780.53226235586
2024-03-21,20741.535654733532,18752.29013563217
2024-03-22,20425.420707722627,18477.603500898775
2024-03-25,21007.685447077773,18989.26531832868
2024-03-26,21245.333612792383,19222.847035988274
2024-03-27,21192.18005713388,19173.14915134322
2024-03-28,21201.761054203336,19216.359635548375
2024-03-29,21214.992280152903,19178.56157193499
2024-04-01,20961.807072618747,18949.23003051511
2024-04-02,20998.6045674864,19031.647768264145
2024-04-03,20925.84838867605,19004.79537349205
2024-04-04,20996.832474529852,19064.84807974277
2024-04-05,20885.583120769254,18913.72420848017
2024-04-08,20659.13262103897,18711.830063587728
2024-04-09,20613.703703683626,18800.70969203851
2024-04-10,20714.996859871248,18930.913104718424
2024-04-11,20856.550823560723,19045.14290691485
2024-04-12,21138.938420804552,19154.42128700188
2024-04-15,21189.758964283512,19236.771540268564
2024-04-16,21063.475947983963,19211.68020628709
2024-04-17,21334.599480619254,19469.18698545243
2024-04-18,21316.99234354943,19533.988810184866
2024-04-19,21322.198459296502,19535.626437946266
2024-04-22,20913.155502751382,19152.903195050876
2024-04-23,20704.704200857672,18909.295231182638
2024-04-24,20611.382530038234,18847.547478448738
2024-04-25,20858.79725170562,19183.386329100234
2024-04-26,21047.77095681378,19387.21409852398
2024-04-29,20913.471916853283,19255.62302660459
2024-04-30,21344.443223018174,19564.302899990726
2024-05-01,21381.191662148798,19595.791211226482
2024-05-02,21251.2070161004,19618.48609488826
2024-05-03,21280.2157181396,19691.19045305441
2024-05-06,21383.655312983334,19710.173703272594
2024-05-07,21418.391619009046,19752.14321710998
2024-05-08,21062.52238585479,19473.126959576544
2024-05-09,21353.75132576951,19810.960474053823
2024-05-10,21310.304215797976,19835.255666920406
2024-05-13,21041.003045394962,19560.509744785868
2024-05-14,21072.4885998497,19643.849316087333
2024-05-15,21200.99369890417,19722.251914115375
2024-05-16,21178.802543371214,19662.192574169618
2024-05-17,21018.063690840343,19620.116040485056
2024-05-20,20527.415747297,19103.160754923465
2024-05-21,20380.842662467865,18905.052768928017
2024-05-22,20177.835665104234,18661.86486205692
2024-05-23,20038.434673217496,18525.27342407454
2024-05-24,20077.029236279137,18487.686469289532
2024-05-27,20063.607836827392,18516.570349778613
2024-05-28,20192.19782223023,18588.616570380156
2024-05-29,20106.626084321728,18474.691892721326
2024-05-30,20230.759467717264,18589.227649579178
2024-05-31,20315.619998235787,18708.29431274997
2024-06-03,20491.511705060268,18944.934983736654
2024-06-04,20340.367606108157,18926.821482345218
2024-06-05,20372.352757025255,18927.289457375147
2024-06-06,20033.39263392651,18555.190586188073
2024-06-07,19979.92866907114,18569.192863690485
2024-06-10,19938.4523326884,18561.87692925042
2024-06-11,19990.186762832298,18649.70750232355
2024-06-12,20019.865456733438,18443.659976999737
2024-06-13,19739.214857399293,18091.1874442022
2024-06-14,19882.485186853926,18217.856672218462
2024-06-17,19715.078835201384,18048.0028355629
2024-06-18,19750.590161535634,18158.155764939922
2024-06-19,19642.826442962523,18049.483565459337
2024-06-20,19893.727674453145,18129.428114540813
2024-06-21,19993.073731257642,18208.44610072933
2024-06-24,19749.446090441546,17974.947740835334
2024-06-25,19940.491222025663,18210.790673455453
2024-06-26,19331.730571049724,17647.887833626442
2024-06-27,18689.08385312601,17055.605680554207
2024-06-28,18854.525578342786,17166.184679431622
2024-07-01,18990.711349555517,17385.028139929036
2024-07-02,19071.30331998737,17428.29999764867
2024-07-03,19227.70584529538,17538.28382707091
2024-07-04,18930.936210381515,17261.22479473484
2024-07-05,18931.23314164422,17211.96519259916
2024-07-08,19121.30295296612,17438.893520329453
2024-07-09,18958.08476731514,17316.63800448381
2024-07-10,18891.85604208994,17236.111026404233
2024-07-11,19012.254269815476,17313.830779055566
2024-07-12,19010.051298717935,17331.20766083162
2024-07-15,18827.88102840351,17084.56093926794
2024-07-16,18800.288268352684,17009.996387176332
2024-07-17,18869.996001022035,17053.2431342043
2024-07-18,18890.049044591902,17024.798286023986
2024-07-19,18887.93311505993,17047.85591866447
2024-07-22,19092.585423262943,17225.557277476888
2024-07-23,19048.89931034309,17091.57130355895
2024-07-24,18665.137812480385,16747.757049550884
2024-07-25,18673.630217698643,16907.727796305015
2024-07-26,18447.29175940921,16717.621891682527
2024-07-29,18507.3905821416,16780.707645113762
2024-07-30,18624.303840042387,16764.138960404336
2024-07-31,18662.16261968227,16814.971948379
2024-08-01,18595.1926052687,16828.705154557563
2024-08-02,18620.30279045738,16900.043818429396
2024-08-05,18764.635855854973,17088.385817462993
2024-08-06,18597.145312084136,16966.887718713107
2024-08-07,18383.011400563453,16754.87627912161
2024-08-08,18402.240971763324,16841.492131337898
2024-08-09,18281.791611234425,16757.524959961913
2024-08-12,18209.924121497617,16720.08034373053
2024-08-13,18110.587068973215,16557.504504215478
2024-08-14,18531.5989249801,16914.571171635038
2024-08-15,18401.78814233987,16824.990651784003
2024-08-16,18424.725830648,16834.454345633374
2024-08-19,18246.631671976163,16712.926877307193
2024-08-20,18342.49997075643,16783.46322696111
2024-08-21,18396.869253458095,16919.73191954013
2024-08-22,18136.352748036385,16632.87032254565
2024-08-23,18120.282677303872,16607.925654251816
2024-08-26,18043.493678237955,16520.22501430375
2024-08-27,18047.098110579733,16486.723234794732
2024-08-28,17933.71577937032,16382.355154663723
2024-08-29,17966.38785793702,16445.293122671203
2024-08-30,17873.211663418337,16399.984145929615
2024-09-02,17658.10704925055,16349.155645204926
2024-09-03,17639.39319539399,16288.067056485062
2024-09-04,17749.67251542968,16395.286449896208
2024-09-05,17935.572073623356,16598.134920451565
2024-09-06,18107.876460747353,16664.53988024162
2024-09-09,18032.381613727383,16629.271369158225
2024-09-10,18111.31608834784,16626.99649887378
2024-09-11,18002.915364980912,16590.178988231703
2024-09-12,18072.45904582314,16670.6716960015
2024-09-13,17971.81370996821,16604.69918316145
2024-09-16,17978.196867484607,16589.086110608707
2024-09-17,18034.954197292453,16648.92637061823
2024-09-18,17942.846024455346,16532.15403853118
2024-09-19,17156.595653212786,15826.818201257061
2024-09-20,17149.14734406542,15826.266396418596
2024-09-23,17036.912983935712,15745.719381287181
2024-09-24,16920.746069937795,15713.81641803053
2024-09-25,17069.570732877037,15943.653124368588
2024-09-26,17147.351462151695,16030.690109106468
2024-09-27,17239.543118234913,16170.838741009493
2024-09-30,17306.668680662897,16223.991215846232
2024-10-01,17509.294940853855,16394.12951170881
2024-10-02,17390.02176300671,16290.251764895556
2024-10-03,17239.165198986964,16153.478260935588
2024-10-04,17207.75997874288,16164.791367738697
2024-10-07,17466.968603848465,16425.55473900681
2024-10-08,17533.10517504418,16479.59638923774
2024-10-09,17756.646354035405,16672.43407205685
2024-10-10,17615.600099819276,16538.32407043673
2024-10-11,17507.0098973203,16465.016337854206
2024-10-14,17556.449289821387,16524.598019562083
2024-10-15,17974.493834891946,16934.839283373247
2024-10-16,18114.726882493425,17147.010402733384
2024-10-17,18036.16156379934,17090.934225991048
2024-10-18,17706.567793499078,16805.934903877398
2024-10-21,17845.540956429064,16981.0896981735
2024-10-22,17901.907529647884,17051.837222236692
2024-10-23,18034.997687297262,17225.96261726903
2024-10-24,17977.31028008055,17187.03166257062
2024-10-25,18300.97784985975,17474.41097059934
2024-10-28,18500.71238627487,17633.96776672447
2024-10-29,18283.29892731787,17470.32921436096
2024-10-30,18231.10826700393,17407.05571942164
2024-10-31,18469.52817448461,17732.732719707565
2024-11-01,18636.498416204136,17912.277636707844
2024-11-04,18608.17901541938,17770.693425762973
2024-11-05,18659.089276562034,17815.2693584116
2024-11-06,18737.4150577677,17857.762312450293
2024-11-07,18701.78823225588,17836.88790878604
2024-11-08,18759.60412400857,17921.45449173479
2024-11-11,18430.84687120454,17575.672182386188
2024-11-12,18443.399177631098,17613.42076751467
2024-11-13,18598.395269682835,17750.23963601113
2024-11-14,18587.669949745425,17723.57211527248
2024-11-15,18777.11999320947,17979.93802526716
2024-11-18,18978.36226965638,18091.522951789033
2024-11-19,19310.905146713318,18392.750351500807
2024-11-20,19337.59011473154,18636.190231897668
2024-11-21,19771.678418787018,19121.595901451674
2024-11-22,20014.52492037223,19403.596787648825
2024-11-25,20105.99567847665,19566.21345688437
2024-11-26,20046.283373717386,19362.691876832723
2024-11-27,20166.008214723188,19531.067163814398
2024-11-28,20235.660509230685,19565.82919982944
2024-11-29,20216.551918330486,19612.06016366433
2024-12-02,20412.34638872918,19706.39045258928
2024-12-03,20536.108114305443,19770.248660041754
2024-12-04,20469.18003584886,19795.73257716504
2024-12-05,20587.039113652274,19935.942173069743
2024-12-06,20703.35809707122,20002.062377068443
2024-12-09,20788.789275048446,20044.038685601434
2024-12-10,20802.26014360371,19944.59932347873
2024-12-11,20897.64761633707,20088.410338961934
2024-12-12,21132.073188977323,20292.062105199533
2024-12-13,21647.25938301563,20796.91504180717
2024-12-16,21651.400292927352,20767.27974868158
2024-12-17,21854.030808141648,20946.449626780006
2024-12-18,22022.114176247447,21223.649635482838
2024-12-19,22058.085568803912,21256.972524403922
2024-12-20,22066.87107954934,21288.04940363166
2024-12-23,22037.36168842844,21209.22423158671
2024-12-24,21720.803420127624,20978.17728050522
2024-12-25,21986.334792553243,21249.03822998905
2024-12-26,22157.536376296808,21475.349546213092
2024-12-27,22035.96782489256,21458.73354289012
2024-12-30,21771.03126739099,21266.099766385225
2024-12-31,21693.668337206003,21215.782578108017
2025-01-01,21672.69854374548,21170.400983665993
2025-01-02,21752.921000612467,21249.869025548014
2025-01-03,21692.58490163936,21168.86657921825
2025-01-06,21846.70560603108,21346.84860844462
2025-01-07,21950.51148237236,21406.84658659275
2025-01-08,22199.615924070975,21682.81430493521
2025-01-09,22241.218498184215,21776.27377824413
2025-01-10,22312.833142983884,21746.988789716004
2025-01-13,22311.952183601283,21703.974484464023
2025-01-14,22061.095697141234,21522.94945278356
2025-01-15,21922.790912630666,21359.924273965884
2025-01-16,22011.464862856985,21470.6931272859
2025-01-17,22124.146230796312,21568.52108114806
2025-01-20,21825.047290068436,21291.044759543354
2025-01-21,21823.0211063119,21353.075840443085
2025-01-22,21709.953742868092,21254.95120862161
2025-01-23,21869.01268346659,21504.594643121298
2025-01-24,22129.245417313286,21682.93524007157
2025-01-27,22017.57360447278,21634.03117721892
2025-01-28,22147.009383655673,21790.798017499073
2025-01-29,22111.96388685525,21766.24059032206
2025-01-30,22112.38853071457,21732.85855658729
2025-01-31,21889.162907315003,21504.774637253293
2025-02-03,21746.222607792424,21368.732824365274
2025-02-04,21835.180421784513,21468.101620526286
2025-02-05,22034.267119914173,21764.10380215148
2025-02-06,22000.623967077325,21750.455408519683
2025-02-07,21860.61732747805,21693.674654325652
2025-02-10,21737.298541836044,21614.88677753026
2025-02-11,21732.587044700274,21572.428952143702
2025-02-12,21658.81385023809,21506.649996777036
2025-02-13,21459.641336746034,21256.780486491465
2025-02-14,22083.54808397465,22034.807686651846
2025-02-17,22325.437626221432,22280.285399586064
2025-02-18,22114.004532634663,22098.475099338862
2025-02-19,22226.591118939767,22227.246448623984
2025-02-20,22323.212061242124,22609.364987413006
2025-02-21,22472.93530319621,22830.878745085858
2025-02-24,22367.752277213618,22717.885918226806
2025-02-25,22253.279425077897,22604.814671961707
2025-02-26,22248.670523693396,22463.4634324138
2025-02-27,22209.52454824093,22373.061640440275
2025-02-28,22343.341302960864,22440.965774517666
2025-03-03,22494.690257609564,22749.84078652774
2025-03-04,22501.93927209824,22698.65923647606
2025-03-05,22344.227574176053,22567.160778762438
2025-03-06,22473.54064868973,22639.43856744954
2025-03-07,22383.969162215115,22597.356998741638
2025-03-10,22427.74678781681,22642.371930540576
2025-03-11,22502.39436085303,22771.20835139665
2025-03-12,22366.297145600107,22583.302503046947
2025-03-13,22495.825500484356,22666.8967107106
2025-03-14,22823.028587475535,22974.936600175344
2025-03-17,22508.774442621292,22556.284171575324
2025-03-18,22372.91888910113,22388.39104555233
2025-03-19,22297.283580462103,22374.39200278034
2025-03-20,22186.817272972898,22300.439855931218
2025-03-21,22381.1061126185,22486.382496629616
2025-03-24,22579.83611027994,22702.07213683155
2025-03-25,22148.44203518313,22235.833000497107
2025-03-26,22506.69051365355,22637.652834226767
2025-03-27,22326.182604328475,22520.718994549494
2025-03-28,22338.65703088298,22468.049211743826
2025-03-31,22582.47217558679,22778.847057634037
2025-04-01,22627.11752741782,22780.704909658074
2025-04-02,22883.353201688977,23126.63260406967
2025-04-03,22907.930633517586,23168.69612332019
2025-04-04,22678.060018466276,22984.860458691703
2025-04-07,22651.156470746282,22896.630150725236
2025-04-08,22498.01736127701,22771.228440770232
2025-04-09,22597.230623706568,22925.046792282494
2025-04-10,22687.26622396326,23018.239898623142
2025-04-11,22592.398383311825,22821.15076212706
2025-04-14,22871.55186650797,23108.065712541807
2025-04-15,22891.63276515269,23102.52425608764
2025-04-16,23279.72914877633,23523.213191697658
2025-04-17,23195.54346573538,23428.799939230295
2025-04-18,22945.142017140875,23151.86360021073
2025-04-21,23007.0350023407,23098.413297918392
2025-04-22,23203.265590207775,23246.97968902944
2025-04-23,23333.152077225423,23337.34553692873
2025-04-24,23387.752501726878,23356.667002131577
2025-04-25,23228.963228841574,23134.42952315274
2025-04-28,23351.33523565145,23257.107576570103
2025-04-29,23270.451062868062,23178.992106619222
2025-04-30,23149.776974756805,23102.365897652202
2025-05-01,23399.313520469193,23376.775763970567
2025-05-02,23627.603655554878,23508.011317173165
2025-05-05,23501.913585504968,23287.310823094707
2025-05-06,23545.828535798173,23342.0057095694
2025-05-07,23635.0844625791,23482.42252893424
2025-05-08,24281.348959201347,24449.86851114601
2025-05-09,24380.78581243889,24552.07472342234
2025-05-12,24497.163622993605,24658.673049751276
2025-05-13,24344.4961979254,24533.63214845542
2025-05-14,24300.352410327603,24511.83278055575
2025-05-15,24161.740397792204,24430.108273594975
2025-05-16,24408.407973074904,24587.089182278836
2025-05-19,24637.05998489832,24694.644163006644
2025-05-20,24562.565658428735,24660.739294906976
2025-05-21,24871.034581182746,25038.99265461936
2025-05-22,25190.637341284153,25401.92155191941
2025-05-23,25055.007920073673,25315.126944344345
2025-05-26,25191.10163886247,25540.201119308054
2025-05-27,25496.279331652622,25824.360560967478
2025-05-28,25394.98581220481,25677.777560194783
2025-05-29,25102.031670178752,25344.370969788808
2025-05-30,24884.792630142234,25028.711929569145
2025-06-02,24891.9735721567,25089.70613641379
2025-06-03,25039.308722886293,25181.988055442132
2025-06-04,24780.849225321876,24976.094319654523
2025-06-05,25240.667140779882,25360.734747664417
2025-06-06,25081.79229698554,25254.533562639015
2025-06-09,25430.329264374992,25579.421849971066
2025-06-10,25382.587315354303,25548.31004298624
2025-06-11,25011.751785463075,25135.254281669742
2025-06-12,24644.786182772692,24795.10925486731
2025-06-13,24478.221705258806,24760.038669970232
2025-06-16,24618.709395049606,24788.322916814028
2025-06-17,24603.174613379742,24809.023589477423
2025-06-18,25016.27677406035,25273.397935544806
2025-06-19,25062.066652622387,25323.329567288016
2025-06-20,25093.7500420605,25320.5163015239
2025-06-23,25215.84504173633,25285.96763457972
2025-06-24,25137.976448457037,25274.913368637048
2025-06-25,25415.57642243997,25603.250720371274
2025-06-26,25150.394918223607,25415.385729770725
2025-06-27,25443.000822195885,25683.4501949814
2025-06-30,25331.955580927814,25597.339341188657
2025-07-01,25584.880984464697,25848.636583096544
2025-07-02,25438.55166283503,25879.946840102704
2025-07-03,25547.685011435922,25997.319094989045
2025-07-04,25597.207530769476,25919.322262934536
2025-07-07,25512.25873211197,25760.48771789692
2025-07-08,25504.37226184228,25772.32648659413
2025-07-09,25319.11303601372,25594.089652918083
2025-07-10,26107.15170823785,26465.487745300838
2025-07-11,25985.283079287205,26454.97511196476
2025-07-14,25921.47020682274,26333.05295895906
2025-07-15,26047.544414085394,26546.20688113911
2025-07-16,26098.20842403792,26556.586958420772
2025-07-17,26336.36450089424,26725.595714564042
2025-07-18,26249.731047324083,26673.11101665254
2025-07-21,26081.082819407373,26569.896125008774
2025-07-22,25476.940066637988,25958.212049023798
2025-07-23,25242.032122506273,25586.906872557713
2025-07-24,25852.58471225231,26212.17346399916
2025-07-25,25787.012725110577,26125.26506089121
2025-07-28,25530.42049823933,25866.80083191254
2025-07-29,25232.55371748147,25504.70494109308
2025-07-30,25277.272495774356,25645.636216472376
2025-07-31,25564.730748745682,26037.38905742336
2025-08-01,26367.29280163742,26724.18533866658
2025-08-04,26480.798997913495,27017.02993190067
2025-08-05,26892.455273528616,27359.13950077054
2025-08-06,27215.428533996434,27571.03199892907
2025-08-07,27734.53807055426,28051.13112061827
2025-08-08,27412.375707037245,27709.572337893223
2025-08-11,27311.668687658905,27689.52907907658
2025-08-12,27232.870434153378,27417.502451242675
2025-08-13,27329.87736399297,27503.787899428633
2025-08-14,27120.20857935727,27174.63340908627
2025-08-15,27087.25985563466,27164.202051564545
2025-08-18,27211.778802922756,27295.48958789346
2025-08-19,26742.04047971092,26919.309719094694
2025-08-20,26594.327747035262,26784.86417997477
2025-08-21,26433.139652303846,26608.77844880279
2025-08-22,26613.412209572598,26697.523574846407
2025-08-25,26628.281987768383,26824.30172331195
2025-08-26,26593.809936112124,26720.217234092797
2025-08-27,26557.528106874095,26748.228954601112
2025-08-28,26788.445884171324,26903.808571736754
2025-08-29,26729.895415411647,26807.58595911256
2025-09-01,27073.52653700565,27241.03791071283
2025-09-02,27131.409512997554,27352.950070204257
2025-09-03,27199.321351581,27641.00324681281
2025-09-04,27133.774663026168,27610.014752940442
2025-09-05,27006.14341655536,27497.998592510812
2025-09-08,27186.798751416296,27695.650621782803
2025-09-09,27062.63055506442,27595.035370699654
2025-09-10,27047.018675852665,27561.023522859705
2025-09-11,26876.675078869328,27497.990766652863
2025-09-12,27248.949746830527,27854.61835827618
2025-09-15,27257.463271281915,27881.366399847062
2025-09-16,27351.110108235465,28005.53378954831
2025-09-17,26723.13283224314,27341.379279463974
2025-09-18,26287.414723668488,27019.468724919847
2025-09-19,26155.638980689117,26826.588504436342
2025-09-22,26871.051752145355,27633.48447503298
2025-09-23,26489.066148592883,27303.24572845126
2025-09-24,26654.296739939906,27364.03791530106
2025-09-25,26518.155085453527,27218.040752727826
2025-09-26,26694.21915475763,27438.951452252004
2025-09-29,26886.69520962553,27727.445610765975
2025-09-30,26848.305423115045,27629.718563574967
2025-10-01,26780.846909494998,27669.487511602598
2025-10-02,26794.82035413481,27750.51291554207
2025-10-03,26939.65852858365,27823.025047345705
2025-10-06,27005.082414858305,27941.831876140528
2025-10-07,26996.025054436686,27842.623370174275
2025-10-08,27117.79991908591,28014.0427585632
2025-10-09,27063.784635019718,28082.68375181535
2025-10-10,27584.516117007046,28679.725799805867
2025-10-13,27597.06630648504,28553.609816513082
2025-10-14,27660.140253989397,28570.651584672287
2025-10-15,27520.904220008437,28438.986155973063
2025-10-16,27530.099493625064,28406.6705921208
2025-10-17,27601.91753004096,28481.548671101016
2025-10-20,27371.907833011745,28311.260668913677
2025-10-21,27329.908029123053,28328.3562844612
2025-10-22,27493.630557875527,28501.66494658274
2025-10-23,27357.651114088218,28383.42470415284
2025-10-24,27531.825519985545,28653.02765537622
2025-10-27,27764.15036554974,28823.769920164388
2025-10-28,27343.14723685191,28432.9979070801
2025-10-29,27358.53112475529,28436.827174344653
2025-10-30,27087.885900325444,28252.577314350237
2025-10-31,27284.09396438556,28532.904519543517
2025-11-03,27073.716991982023,28381.91724483671
2025-11-04,27125.137869360064,28421.146872740355
2025-11-05,26838.297461507955,28180.38518881286
2025-11-06,27004.952972113482,28320.648377613994
2025-11-07,27021.59596820367,28374.712076795295
2025-11-10,26859.472155111147,28232.01178523802
2025-11-11,26990.569020164497,28369.205811037646
2025-11-12,26943.755470358734,28283.013133487544
2025-11-13,28209.630228013786,29665.79025936837
2025-11-14,27995.58136813995,29900.78063551785
2025-11-17,27613.40391169227,29507.879167587085
2025-11-18,27506.352713781376,29356.390755493565
2025-11-19,27404.281910074693,29172.4756556859
2025-11-20,28037.078002273905,30040.789365031567
2025-11-21,28027.758987765363,30096.347700081646
2025-11-24,28167.53089660159,30274.597905573202
2025-11-25,28497.360797920624,30533.701219840546
2025-11-26,28570.065890012167,30652.003043838544
2025-11-27,27896.770250286,29888.190021473416
2025-11-28,27604.5288778161,29608.942729301667
2025-12-01,27473.72001703015,29615.98503393655
2025-12-02,27519.38805630699,29652.843081054518
2025-12-03,27801.83634773589,30126.893319880677
2025-12-04,27630.662986499025,29871.382540856797
2025-12-05,27853.753192754448,30128.00917832325
2025-12-08,27866.877124045033,30063.782727107933
2025-12-09,27982.491387578466,30016.427694876485
2025-12-10,28073.178129323784,30040.45018833904
2025-12-11,27983.436786728995,29948.204064145422
2025-12-12,28513.754673823223,30482.849320846057
2025-12-15,28719.893779645223,30645.520081517883
2025-12-16,28773.390751800343,30742.651543087442
2025-12-17,28318.341979136396,30345.426938573568
2025-12-18,28480.37392511605,30511.962987763658
2025-12-19,28480.107368590852,30523.0684331009
2025-12-22,29017.779676058926,31092.924578154645
2025-12-23,28827.867944633646,30523.33205079415
2025-12-24,28741.422885645025,30298.78833222442
2025-12-25,28275.117105389378,29736.400617489482
2025-12-26,28494.685239604758,30047.229124871803
2025-12-29,28225.01045628721,29844.102065859566
2025-12-30,28266.544004769454,29926.755452831854
2025-12-31,28090.49869118448,29771.825227622852
2026-01-01,28729.627152506906,30423.662164651378
2026-01-02,28871.64461229317,30675.36087388001
2026-01-05,29022.541689770816,30846.39834137219
2026-01-06,28769.08690627314,30593.746856616588
2026-01-07,28799.668816424233,30703.954035973602
2026-01-08,28501.560709660076,30349.522084913555
2026-01-09,28650.221212915898,30471.08885536718
2026-01-12,28488.086305512836,30380.905718310776
2026-01-13,28695.73502504874,30647.624395372506
2026-01-14,29557.21120898361,31645.84694719227
2026-01-15,29671.458676134094,31878.182038358922
2026-01-16,29475.36655341505,31573.289750225365
2026-01-19,29482.43606270554,31619.49552475218
2026-01-20,29574.622272614717,31439.094674040425
2026-01-21,29558.346551311497,31530.57331851658
2026-01-22,30132.072528351095,32160.04869995972
2026-01-23,29846.190805505204,31872.027561294693
2026-01-26,30024.03610930903,32160.6832754943
2026-01-27,30140.09531786723,32321.22018348433
2026-01-28,30113.535630579765,32350.972662940854
2026-01-29,29609.119440763967,31813.114642006993
2026-01-30,29212.779055050636,31341.23034473828
2026-02-02,29391.023255650358,31448.409374588067
2026-02-03,29340.70393310671,31450.216820393052
2026-02-04,28854.584412425756,30960.537034076093
2026-02-05,28126.77712885483,30335.070831962177
2026-02-06,28282.8869485061,30473.72402362465
2026-02-09,28338.335115670576,30600.751228345023
2026-02-10,28400.41894969443,30765.889776000327
2026-02-11,28008.247331856386,30360.684726812106
2026-02-12,27888.614427131808,30225.697027104252
2026-02-13,27940.083357805986,30172.695246969324
2026-02-16,27825.177606697158,30089.541984911484
2026-02-17,27669.72776666774,30026.411820558875
2026-02-18,27596.650990768954,29894.35415261374
2026-02-19,27341.41332628057,29639.517012362918
2026-02-20,27081.387727772137,29530.19652950259
2026-02-23,27035.914669709375,29484.15469181158
2026-02-24,26869.197687512522,29269.72205869084
2026-02-25,26893.783971931556,29240.84699017998
2026-02-26,26533.89184700956,28922.404863517746
2026-02-27,26765.907896569286,29039.50526579225
2026-03-02,26929.49503023232,29129.754420318484
2026-03-03,26759.799793644273,28857.402374739024
2026-03-04,26476.275686999765,28598.079424291715
2026-03-05,26591.17707088379,28735.421914830204
2026-03-06,26491.262615324697,28666.4663691458
2026-03-09,26443.468151745245,28733.195568984527
2026-03-10,26358.46256403453,28630.618194370345
2026-03-11,26476.39603896463,28883.990749562534
2026-03-12,26147.63207466241,28615.565967516144
2026-03-13,26109.448759109113,28466.3620931647
2026-03-16,25997.973170414567,28327.36125160924
2026-03-17,26362.800108083724,28765.83090683579
2026-03-18,26299.17329683318,28690.45805837089
2026-03-19,25894.951261006565,28183.895203283337
2026-03-20,25910.07422543726,28154.630094106822
2026-03-23,25846.485527567675,28034.579524139404
2026-03-24,25889.99125977957,28131.041011573885
2026-03-25,25821.51597037036,28110.06326657675
2026-03-26,25691.682708883138,27861.044535931847
2026-03-27,24834.838441822103,27004.84408506196
2026-03-30,24737.756118413083,27006.907094031092
2026-03-31,24816.370890957685,27120.070068458772
2026-04-01,24665.283305141438,26891.927023454526
2026-04-02,24834.853046952016,27178.743076070557
2026-04-03,24510.37939675376,26734.902424686665
2026-04-06,24533.34948057374,26859.018077523346
2026-04-07,24457.1247309491,26780.379386150064
2026-04-08,24413.421808985815,26610.54485146721
2026-04-09,24233.804382256443,26709.967824731528
2026-04-10,24235.739628893803,26779.017311411368
2026-04-13,24092.224756938584,26636.45137241308
2026-04-14,24117.63877213247,26638.851594978016
2026-04-15,24060.580469048196,26662.359427255837
2026-04-16,24373.382158408476,26984.812362984798
2026-04-17,24428.90035969233,27152.84620128164
2026-04-20,24675.46009911596,27417.329911217894
2026-04-21,24661.943911227434,27399.263536589817
2026-04-22,24696.18987242937,27387.631543033363
2026-04-23,24792.409687844178,27578.051979601227
2026-04-24,24731.505827305253,27553.414383445088
2026-04-27,24451.44912764851,27211.698685489584
2026-04-28,24563.898578594602,27252.885602615912
2026-04-29,24448.655213544163,27156.588172468928
2026-04-30,24397.494966770275,27165.211300168212
2026-05-01,24590.880888473694,27512.062888066022
2026-05-04,24945.142867246086,27983.05018831491
2026-05-05,24988.763943037935,28020.2556537348
2026-05-06,24852.705929670712,27892.95265524454
2026-05-07,25173.53182950326,28255.49681049751
2026-05-08,25008.722285325566,27991.80377726474
2026-05-11,25351.643170734445,28356.055107310294
2026-05-12,25004.874864081325,28019.3081926134
2026-05-13,26192.39108151087,29368.819091809968
2026-05-14,26536.05473701242,29777.070533875136
2026-05-15,26461.481726201895,29704.873898755104
2026-05-18,26483.074399930803,29761.71463255968
2026-05-19,26627.473373266632,29866.881751072913
2026-05-20,26646.899974826058,30046.9727333246
2026-05-21,26740.86200211882,30136.43683718039
2026-05-22,26649.53897749945,30061.44943429132
2026-05-25,26681.440348926877,30254.95377504479
2026-05-26,26714.728994228404,30074.60099659069
2026-05-27,26594.00766668369,29815.185168836393
2026-05-28,27083.298419513183,30450.88106952543
2026-05-29,27088.17397250716,30393.19046035077
2026-06-01,26951.335593696425,30234.918743132897
2026-06-02,26735.302779007106,29876.42160417698
2026-06-03,26817.073034240642,29829.28002743481
2026-06-04,26723.789701184443,29804.980178294638
2026-06-05,28342.668092628282,31562.790914213056
2026-06-08,28062.892127628053,31259.66521023894
2026-06-09,28334.286950739097,31596.13628032452
2026-06-10,28104.617539643925,31313.54827142948
2026-06-11,27817.490827083624,31342.734486365352
2026-06-12,27954.20582190296,31566.73487039023
2026-06-15,28102.298298850284,31947.873620155515
2026-06-16,28240.275411865532,32072.343598639683
2026-06-17,28258.91244833866,32011.84416385984
2026-06-18,28395.921768840893,32192.166979026802
2026-06-19,28364.057908658746,32099.204923094178
2026-06-22,28709.19720821402,32441.785358537127
2026-06-23,28316.353612439216,32105.19185776478
2026-06-24,28427.912260139787,32234.080484664748
2026-06-25,28475.75086300708,32343.32859059649
2026-06-26,28621.60297509923,32689.904305399847
2026-06-29,28503.550580090825,32578.907679385153
2026-06-30,28025.868016664757,32060.84505591834
2026-07-01,28290.624146720405,32403.609332882927
2026-07-02,27870.352085028728,31794.28365386585
2026-07-03,28060.838538386237,32049.03476565091
2026-07-06,27989.734263440212,31994.67576648102
2026-07-07,27633.754813204454,31543.46931616354
2026-07-08,27770.42886457231,31677.66845392551
2026-07-09,27743.811496931055,31576.144197530983
2026-07-10,27899.16185076127,31763.313584362746
2026-07-13,27814.245153404267,31499.487972184008
2026-07-14,27979.72616871108,31681.72033131364
2026-07-15,27958.70066996634,31679.67181603443
2026-07-16,28375.62797912476,32151.62382736135
2026-07-17,27710.082519862204,31449.145294072725
2026-07-20,27635.241992380557,31363.476954368452
2026-07-21,27854.473200570872,31574.981799118617
2026-07-22,27804.76384080213,31434.098403844902
2026-07-23,28463.592389311947,32209.601842489876
2026-07-24,28715.68479148375,32482.268475586316
2026-07-27,29077.434265933523,32865.92106765078
2026-07-28,29203.315270167135,32971.736841578255
2026-07-29,29653.083239957854,33583.20754853535
2026-07-30,29962.357533793216,33828.84020253091
2026-07-31,29978.53975684534,33857.86034251276
2026-08-03,29552.035303245662,33813.39521475754
2026-08-04,28973.917677971604,33264.83079669844
2026-08-05,28387.852412859826,32486.23537904845
2026-08-06,28903.178257085583,33066.80119027895
2026-08-07,28769.637985818033,32703.853710976775
2026-08-10,28376.688321462498,32275.040789659306
2026-08-11,28351.124631578332,32230.30593287617
2026-08-12,28596.126211324838,32677.585221221616
2026-08-13,28502.617773207596,32374.423727444097
2026-08-14,28451.588632411997,32387.282803566362
2026-08-17,28704.848876750024,32558.172272344316
2026-08-18,28692.098108277914,32249.465572668305
2026-08-19,29212.98669207094,32784.28594160289
2026-08-20,28520.31383081186,32164.16145995466
2026-08-21,28559.170454467217,31953.44113593336
2026-08-24,28989.783280922627,32486.200740119788
2026-08-25,28903.34775116363,32465.043453318824
2026-08-26,28868.10511208976,32718.128845323583
2026-08-27,29026.674157279656,33074.576543025585
2026-08-28,29011.41030508065,33033.95102737874
2026-08-31,28854.42574599231,32902.168874958545
